id,nombre,descripcion,precio,categoria,u_por_caja,foto1,foto2,foto3
63631,PIEDRAS BENTONITA PET ONE 4KG,,5600,PIEDRAS IMPORTADAS,8,63631_1.jpg,,
63632,"PIEDRAS SILICAS DE GEL 1,6KG",,7100,PIEDRAS IMPORTADAS,8,63632_1.jpg,,
63633,"PIEDRAS PACK VERDE 2,5KG",,8300,PIEDRAS IMPORTADAS,8,63633_1.jpg,,
63620,PANOS PETONE 60X60,60x60cm,10500,HIGIENE PET-ONE,8,63620_1.jpg,,
63801,RASC PUENTE J0792,40x30x50cm,33500,RASCADORES PET-ONE,1,63801_1.jpg,,
63802,RASC SIMPLE CON D CAT 265633 PBJ0146,29x29x39cm,21200,RASCADORES PET-ONE,4,63802_1.jpg,,
63803,RASC CUCHA CON D CAT 265602 MX-11296,30x30x56cm,38300,RASCADORES PET-ONE,4,63803_1.jpg,,
63804,RASC SIMPLE PW-2743200699,28x28x37cm,19800,RASCADORES PET-ONE,8,63804_1.jpg,,
63805,RASC CUCHA CON DDES CAMPHESKB00253,50x30x85cm,67400,RASCADORES PET-ONE,1,63805_1.jpg,,
63806,RASC CUCHA CON TDES CAT-C-4ST-112-LIG,41x41x112cm,79300,RASCADORES PET-ONE,1,63806_1.jpg,,
8002,ELEGANCE-6010M,,211000,CUCHAS Y CAMITAS PET-ONE,1,8002_1.jpg,,
62001,CAMA MOSCU PEL108489-2025,50x40x18cm,22900,CUCHAS Y CAMITAS PET-ONE,8,62001_1.jpg,,
62004,CAMA PEKIN S PE149666,45x35x14cm,17900,CUCHAS Y CAMITAS PET-ONE,8,62004_1.jpg,,
62005,CAMA PEKIN M PE149673,55x45x16cm,24400,CUCHAS Y CAMITAS PET-ONE,8,62005_1.jpg,,
62006,CAMA PEKIN L PE149680,70x60x18cm,31400,CUCHAS Y CAMITAS PET-ONE,8,62006_1.jpg,,
62007,CAMA ROMA S PE108588,55x48x16cm,25000,CUCHAS Y CAMITAS PET-ONE,8,62007_1.jpg,,
62009,CAMA ROMA L PE108601,75x65x18cm,35500,CUCHAS Y CAMITAS PET-ONE,8,62009_1.jpg,,
62010,CAMA LIMA A4034-S,55x40x12cm,19000,CUCHAS Y CAMITAS PET-ONE,8,62010_1.jpg,,
62011,CAMA LIMA A4034-M,65x50x13cm,23300,CUCHAS Y CAMITAS PET-ONE,8,62011_1.jpg,,
62012,CAMA LIMA A4034-L,75x59x15cm,29800,CUCHAS Y CAMITAS PET-ONE,8,62012_1.jpg,,
62014,CAMA ESTAMBUL,65x50x20cm,37300,CUCHAS Y CAMITAS PET-ONE,8,62014_1.jpg,,
62015,CAMA MADRID S BROWN,65x45x10cm,21900,CUCHAS Y CAMITAS PET-ONE,8,62015_1.jpg,,
62016,CAMA MADRID S D GREY,65x45x10cm,21900,CUCHAS Y CAMITAS PET-ONE,8,62016_1.jpg,,
62017,CAMA MADRID S L GREY,65x45x10cm,21900,CUCHAS Y CAMITAS PET-ONE,8,62017_1.jpg,,
62018,CAMA MADRID M BROWN,80x50x10cm,26900,CUCHAS Y CAMITAS PET-ONE,8,62018_1.jpg,,
62019,CAMA MADRID M D GREY,80x50x10cm,26900,CUCHAS Y CAMITAS PET-ONE,8,62019_1.jpg,,
62020,CAMA MADRID M L GREY,80x50x10cm,26900,CUCHAS Y CAMITAS PET-ONE,8,62020_1.jpg,,
62021,CAMA MADRID L BROWN,96x60x10cm,35600,CUCHAS Y CAMITAS PET-ONE,8,62021_1.jpg,,
62022,CAMA MADRID L D GREY,96x60x10cm,35600,CUCHAS Y CAMITAS PET-ONE,8,62022_1.jpg,,
62023,CAMA MADRID L L GREY,96x60x10cm,35600,CUCHAS Y CAMITAS PET-ONE,8,62023_1.jpg,,
62024,CAMA BOGOTA S BROWN,60x48x16cm,28100,CUCHAS Y CAMITAS PET-ONE,8,62024_1.jpg,,
62025,CAMA BOGOTA S TEAL,60x48x16cm,28100,CUCHAS Y CAMITAS PET-ONE,8,62025_1.jpg,,
62026,CAMA BOGOTA S D BLUE,60x48x16cm,28100,CUCHAS Y CAMITAS PET-ONE,8,62026_1.jpg,,
62027,CAMA BOGOTA L BROWN,75x60x18cm,39300,CUCHAS Y CAMITAS PET-ONE,8,62027_1.jpg,,
62028,CAMA BOGOTA L TEAL,75x60x18cm,39300,CUCHAS Y CAMITAS PET-ONE,8,62028_1.jpg,,
62029,CAMA BOGOTA L D BLUE,75x60x18cm,39300,CUCHAS Y CAMITAS PET-ONE,8,62029_1.jpg,,
62030,CAMA ZURICH S  BROWN,50x40x10cm,22300,CUCHAS Y CAMITAS PET-ONE,8,62030_1.jpg,,
62031,CAMA ZURICH S  TEAL,50x40x10cm,22300,CUCHAS Y CAMITAS PET-ONE,8,62031_1.jpg,,
62032,CAMA ZURICH S  D BLUE,50x40x10cm,22300,CUCHAS Y CAMITAS PET-ONE,8,62032_1.jpg,,
62033,CAMA ZURICH M  BROWN,70x50x10cm,31400,CUCHAS Y CAMITAS PET-ONE,8,62033_1.jpg,,
62034,CAMA ZURICH M  TEAL,70x50x10cm,31400,CUCHAS Y CAMITAS PET-ONE,8,62034_1.jpg,,
62035,CAMA ZURICH M  D BLUE,70x50x10cm,31400,CUCHAS Y CAMITAS PET-ONE,8,62035_1.jpg,,
62036,CAMA ZURICH L  BROWN,90x70x10cm,47100,CUCHAS Y CAMITAS PET-ONE,8,62036_1.jpg,,
62037,CAMA ZURICH L TEAL,90x70x10cm,47100,CUCHAS Y CAMITAS PET-ONE,8,62037_1.jpg,,
62038,CAMA ZURICH L  D BLUE,90x70x10cm,47100,CUCHAS Y CAMITAS PET-ONE,8,62038_1.jpg,,
62039,CAMA LONDRES S BROWN,60x48x17cm,26900,CUCHAS Y CAMITAS PET-ONE,8,62039_1.jpg,,
62040,CAMA LONDRES S BLUE,60x48x17cm,26900,CUCHAS Y CAMITAS PET-ONE,8,62040_1.jpg,,
62041,CAMA LONDRES S GREY,60x48x17cm,26900,CUCHAS Y CAMITAS PET-ONE,8,62041_1.jpg,,
62042,CAMA LONDRES L BROWN,75x60x18cm,37600,CUCHAS Y CAMITAS PET-ONE,8,62042_1.jpg,,
62043,CAMA LONDRES L BLUE,75x60x18cm,37600,CUCHAS Y CAMITAS PET-ONE,8,62043_1.jpg,,
62044,CAMA LONDRES L GREY,75x60x18cm,37600,CUCHAS Y CAMITAS PET-ONE,8,62044_1.jpg,,
62045,CAMA ATENAS S BROWN,50x40x10cm,22300,CUCHAS Y CAMITAS PET-ONE,8,62045_1.jpg,,
62046,CAMA ATENAS S BLUE,50x40x10cm,22300,CUCHAS Y CAMITAS PET-ONE,8,62046_1.jpg,,
62047,CAMA ATENAS S GREY,50x40x10cm,22300,CUCHAS Y CAMITAS PET-ONE,8,62047_1.jpg,,
62048,CAMA ATENAS M BROWN,70x50x10cm,31400,CUCHAS Y CAMITAS PET-ONE,8,62048_1.jpg,,
62049,CAMA ATENAS M BLUE,70x50x10cm,31400,CUCHAS Y CAMITAS PET-ONE,8,62049_1.jpg,,
62050,CAMA ATENAS M GREY,70x50x10cm,31400,CUCHAS Y CAMITAS PET-ONE,8,62050_1.jpg,,
62051,CAMA ATENAS L BROWN,90x70x10cm,47100,CUCHAS Y CAMITAS PET-ONE,8,62051_1.jpg,,
62052,CAMA ATENAS L BLUE,90x70x10cm,47100,CUCHAS Y CAMITAS PET-ONE,8,62052_1.jpg,,
62053,CAMA ATENAS L GREY,90x70x10cm,47100,CUCHAS Y CAMITAS PET-ONE,8,62053_1.jpg,,
60080,Bolso Transportador´´PTB2014L´´,50x22xH28cm,14200,JUGUETES PET-ONE,72,60080_1.jpg,,
62065,Cucha Pet One Red´´DC1356´´,82x56x71cm,141600,CUCHAS Y CAMITAS PET-ONE,1,62065_1.jpg,,
62066,Cucha Pet One Con Puerta´´DC710´´,98x84x82cm,306500,CUCHAS Y CAMITAS PET-ONE,1,62066_1.jpg,,
62067,"Cucha Pet One Black ""L""´´DC708L´´",73x66x71cm,420300,CUCHAS Y CAMITAS PET-ONE,1,62067_1.jpg,,
62068,"Cucha Pet One Black ""M""´´DC708M´´",87x79x83cm,269700,CUCHAS Y CAMITAS PET-ONE,1,62068_1.jpg,,
62069,"Cucha Pet One Black ""S""´´DC708S´´",105x96x108cm,183100,CUCHAS Y CAMITAS PET-ONE,1,62069_1.jpg,,
8422,HUESO STAR-YT3452N-M,15x4x3cm,4800,JUGUETES PET-ONE,24,8422_1.jpg,,
8423,HUESO STAR-YT3452N-L,19x6x4cm,11100,JUGUETES PET-ONE,24,8423_1.jpg,,
8439,HUEVO RUBBER SPACE-YT89969B,34x10x9cm,12400,JUGUETES PET-ONE,12,8439_1.jpg,,
8458,BIFE DENTAL PS05038,12x8cm,7500,JUGUETES PET-ONE,24,8458_1.jpg,,
8459,CHICKEN DENTRAL PS05039,12x8cm,7500,JUGUETES PET-ONE,24,8459_1.jpg,,
8956,RUGBY INTERACTIVO D6946,16x8x8cm,9100,JUGUETES PET-ONE,24,8956_1.jpg,,
8957,MORDILLO INTERACTIVO D6947,15x15x5cm,9800,JUGUETES PET-ONE,24,8957_1.jpg,,
8958,RUGBY CON SOGA D6989,35x8x5cm,8700,JUGUETES PET-ONE,64,8958_1.jpg,,
8959,HUESO CON SOGA D6990,35x8x4cm,9800,JUGUETES PET-ONE,64,8959_1.jpg,,
8961,PELOTA DE GOMA MED D1050-M,D 8cm,5700,JUGUETES PET-ONE,48,8961_1.jpg,,
8963,PALTA CAT A1963,7x4cm,6800,JUGUETES PET-ONE,96,8963_1.jpg,,
8965,HUESO SEJ036046,12x4cm,3300,JUGUETES PET-ONE,48,8965_1.jpg,,
60001,RATONCITO J2782,3x13cm,2800,JUGUETES PET-ONE,48,60001_1.jpg,,
60002,RATON CATNIP J7014,"10x2,5cm",2800,JUGUETES PET-ONE,96,60002_1.jpg,,
60003,CAÑA PARA GATO RATON J3447,40cm,3500,JUGUETES PET-ONE,96,60003_1.jpg,,
60004,CAÑA PARA GATO LANGOSTINO J3449,40cm,3700,JUGUETES PET-ONE,96,60004_1.jpg,,
60005,CAÑA PARA GATO PESCADO NEGRO J3673,46cm,3700,JUGUETES PET-ONE,96,60005_1.jpg,,
60006,CAÑA PARA GATO RATON NEGRO J3677,46cm,3600,JUGUETES PET-ONE,96,60006_1.jpg,,
60007,PELOTA DURABLE TPR D65197,"D 8,5cm",6500,JUGUETES PET-ONE,36,60007_1.jpg,,
60008,JUGUETE DURABLE TPR D65198,"8x8,5cm",7400,JUGUETES PET-ONE,36,60008_1.jpg,,
60009,BOOMERANG DURABLE CON SOGA D6390,36cm,5300,JUGUETES PET-ONE,36,60009_1.jpg,,
60010,ROSQUILLA DURABLE CON SOGA D6391,36cm,5800,JUGUETES PET-ONE,48,60010_1.jpg,,
60011,BOOMERANG DURABLE D65172,"16,4x5,4cm",3900,JUGUETES PET-ONE,36,60011_1.jpg,,
60012,ROSQUILLA DURABLE D65174,"D 10,4cm",4000,JUGUETES PET-ONE,36,60012_1.jpg,,
60013,PALO INTERACTIVO D6945,18x5x5cm,7700,JUGUETES PET-ONE,48,60013_1.jpg,,
60014,PESA INTERACTIVA D6948,18x6x6cm,8000,JUGUETES PET-ONE,48,60014_1.jpg,,
60015,PELOTA TPR CON CHIFLE D65206,"8,4x8cm",7000,JUGUETES PET-ONE,48,60015_1.jpg,,
60016,HUESO TPR CON CHIFLE D65207,"16,5x7cm",7000,JUGUETES PET-ONE,48,60016_1.jpg,,
60017,ANILLO TPR CON CHIFLE D65209,"16,5x7cm",7500,JUGUETES PET-ONE,48,60017_1.jpg,,
60018,BOOMERANG TPR CON CHIFLE D65208,"22,5x3cm",7400,JUGUETES PET-ONE,48,60018_1.jpg,,
60019,JUGUETE PERRO SILICONA D65159,"13x5,7cm",9800,JUGUETES PET-ONE,48,60019_1.jpg,,
60020,PELOTA SILICONA D65154,"7,5x7,7cm",8900,JUGUETES PET-ONE,48,60020_1.jpg,,
60021,PELOTA RUGBY TPR D65290,10x5cm,5000,JUGUETES PET-ONE,48,60021_1.jpg,,
60022,HUESO TPR D65291,11x4cm,4200,JUGUETES PET-ONE,48,60022_1.jpg,,
60023,JUGUETE TPR D65292,"9x2,5cm",4400,JUGUETES PET-ONE,48,60023_1.jpg,,
60024,ANILLO TPR D65293,"10x2,5cm",4700,JUGUETES PET-ONE,48,60024_1.jpg,,
60025,JUGUETA ACUATICO GYM D4386,8x28cm,9000,JUGUETES PET-ONE,48,60025_1.jpg,,
60026,JUGUETE ACUATICO BOOMERANG D4387,8x27cm,5800,JUGUETES PET-ONE,48,60026_1.jpg,,
60027,JUGUETE ACUATICO RUGBY D4391,10x20cm,5800,JUGUETES PET-ONE,48,60027_1.jpg,,
60028,JUGUETE ACUATICO OJOTA D4400,10x24cm,9200,JUGUETES PET-ONE,48,60028_1.jpg,,
60029,HUESO MASTICABLE D25328,13x22cm,7800,JUGUETES PET-ONE,48,60029_1.jpg,,
60030,PELOTA CON MANIJA DE SOGA S D6160,25cm,4500,JUGUETES PET-ONE,48,60030_1.jpg,,
60031,PELOTA CON MANIJA DE SOGA L D6163,"38,5cm",3800,JUGUETES PET-ONE,48,60031_1.jpg,,
60032,HUESO STRONG D6165,"24,5cm",8000,JUGUETES PET-ONE,48,60032_1.jpg,,
60033,PELOTA TPR CON MANIJA D6166,38cm,4800,JUGUETES PET-ONE,48,60033_1.jpg,,
60034,HUESO CON PELOTA ENTRELAZADA D45071,"24,5cm",6700,JUGUETES PET-ONE,48,60034_1.jpg,,
60035,HUESO CON PELOTA D45070,"24,5cm",7000,JUGUETES PET-ONE,48,60035_1.jpg,,
60036,PELOTA CON AGARRE V D45073,7x25cm,3700,JUGUETES PET-ONE,48,60036_1.jpg,,
60037,PELOTA CON AGARRE R D45074,"34,5cm",6100,JUGUETES PET-ONE,48,60037_1.jpg,,
60038,OREO CON CHIFLE D0340,10x3cm,2100,JUGUETES PET-ONE,48,60038_1.jpg,,
60039,GALLETITA CON CHIFLE D0355,"12x7,5cm",2100,JUGUETES PET-ONE,48,60039_1.jpg,,
60040,PELOTITA TENIS DALD2004-B,"2,5¨",3300,JUGUETES PET-ONE,48,60040_1.jpg,,
60041,PELOTA RUBBER D65098-S,2¨,4100,JUGUETES PET-ONE,72,60041_1.jpg,,
60042,PELOTA RUBBER D65098-M,"2,5¨",5100,JUGUETES PET-ONE,72,60042_1.jpg,,
60043,PELOTA RUBBER D65098-L,3¨,6500,JUGUETES PET-ONE,72,60043_1.jpg,,
60044,RUEDA RUBBER D65101-S,"8,8cm",3900,JUGUETES PET-ONE,72,60044_1.jpg,,
60045,RUEDA RUBBER D65101-L,"12,6cm",7900,JUGUETES PET-ONE,72,60045_1.jpg,,
60046,HUESO RUBBER D65103,"18,5x9,5x5cm",8600,JUGUETES PET-ONE,72,60046_1.jpg,,
60047,MORDILLO TRI D65134,"12,5x12,5cm",4000,JUGUETES PET-ONE,72,60047_1.jpg,,
60048,MORDILLO ANILLO D65140,11x11cm,3700,JUGUETES PET-ONE,72,60048_1.jpg,,
60049,PELOTA DEPORTE D1037,D 6cm,3200,JUGUETES PET-ONE,60,60049_1.jpg,,
60050,RUEDA S D1030-C,D 9cm,6700,JUGUETES PET-ONE,72,60050_1.jpg,,
60051,RUEDA L D1030-B,"D 13,5cm",12000,JUGUETES PET-ONE,72,60051_1.jpg,,
60060,PELUCHE LIBERTAD D25234,15x27cm,7000,JUGUETES PET-ONE,48,60060_1.jpg,,
60061,PELUCHE RELOJ D25235,9x23cm,3600,JUGUETES PET-ONE,48,60061_1.jpg,,
60062,PELUCHE LATITA D25646,8x14cm,6100,JUGUETES PET-ONE,48,60062_1.jpg,,
60063,PELUCHE MEDIALUNA D3730,20x6x4cm,7000,JUGUETES PET-ONE,48,60063_1.jpg,,
60064,PELUCHE FALSO CONEJO D25321,25x52cm,9800,JUGUETES PET-ONE,48,60064_1.jpg,,
60065,PELUCHE D25380,18x75cm,9600,JUGUETES PET-ONE,48,60065_1.jpg,,
60066,PELUCHE CERDO D25381,18x75cm,10800,JUGUETES PET-ONE,48,60066_1.jpg,,
60067,PELUCHE LEON D25383,18x75cm,10300,JUGUETES PET-ONE,48,60067_1.jpg,,
60068,PELUCHE MONO D25384,18x75cm,10300,JUGUETES PET-ONE,48,60068_1.jpg,,
60069,PELUCHE PAPA NOEL D25387,18x88cm,11700,JUGUETES PET-ONE,48,60069_1.jpg,,
60070,Caña para Gato´´CT88904´´,39cm,2700,JUGUETES PET-ONE,72,60070_1.jpg,,
60071,Caña para Gato Ratón´´CT88905´´,39cm,1800,JUGUETES PET-ONE,72,60071_1.jpg,,
60072,Set Pelotas Para Gatos´´CT86907´´,5cm,1600,JUGUETES PET-ONE,72,60072_1.jpg,,
60073,Raton y Pez Catnip´´CT84102´´,8cm,2100,JUGUETES PET-ONE,72,60073_1.jpg,,
60074,Set Ratones Catnip´´CT8534´´,5cm,2300,JUGUETES PET-ONE,72,60074_1.jpg,,
60075,Caña para Gato Pelota´´CT1136´´,45cm,1700,JUGUETES PET-ONE,72,60075_1.jpg,,
60076,Raton Plumón´´CT1045´´,5cm,2000,JUGUETES PET-ONE,72,60076_1.jpg,,
60077,Raton Con Pelota´´CT85900´´,6+4cm,1900,JUGUETES PET-ONE,72,60077_1.jpg,,
60078,Caña para Gato Plumas´´CT11309´´,39cm,1800,JUGUETES PET-ONE,72,60078_1.jpg,,
60079,Tripluma Catnip´´CT1172´´,11cm,1800,JUGUETES PET-ONE,72,60079_1.jpg,,
60080,Bolso Transportador´´PTB2014L´´,50x22xH28cm,14200,JUGUETES PET-ONE,72,60080_1.jpg,,
60081,"Neumastic ""L""´´RT243L´´",15cm,6500,JUGUETES PET-ONE,72,60081_1.jpg,,
60082,"Neumastic ""S""´´RT243S´´",10cm,2900,JUGUETES PET-ONE,72,60082_1.jpg,,
60083,"Chancho Latex ""L""´´LT1024L´´",22cm,7600,JUGUETES PET-ONE,72,60083_1.jpg,,
60084,"Chancho Latex ""S""´´LT1024S´´",15cm,4800,JUGUETES PET-ONE,72,60084_1.jpg,,
60085,Cerdito Latex´´LT1214´´,8cm,3000,JUGUETES PET-ONE,72,60085_1.jpg,,
60086,"Futbol Latex ""L""´´LT2093L´´",12cm,6100,JUGUETES PET-ONE,72,60086_1.jpg,,
60087,"Futbol Latex ""S""´´LT2093´´",7cm,3000,JUGUETES PET-ONE,72,60087_1.jpg,,
60088,Pato Plush´´M1717-10´´,25cm,7100,JUGUETES PET-ONE,72,60088_1.jpg,,
60089,Aro TPR´´TP1002´´,"7,5cm",1000,JUGUETES PET-ONE,144,60089_1.jpg,,
60090,Anillo TPR´´TP1003´´,8cm,900,JUGUETES PET-ONE,144,60090_1.jpg,,
60091,"Hueso Con Chifle ""S""´´TP1069M´´",13cm,2300,JUGUETES PET-ONE,72,60091_1.jpg,,
60092,"Hueso Con Chifle ""L""´´TP1069S´´",15cm,3000,JUGUETES PET-ONE,72,60092_1.jpg,,
60093,Futbol TPR Con Soga´´TP1079´´,9cm,3000,JUGUETES PET-ONE,72,60093_1.jpg,,
60094,"Rueda Con Soga ""L""´´TPZ834L´´",12+25cm,6300,JUGUETES PET-ONE,72,60094_1.jpg,,
60095,"Rueda Con Soga ""S""´´TPZ834S´´",9+25cm,4100,JUGUETES PET-ONE,72,60095_1.jpg,,
60096,GuauFritas´´VT4003´´,"9,5cm",1900,JUGUETES PET-ONE,72,60096_1.jpg,,
60098,Burger Masticable´´VT4051´´,"9x5,5cm",1900,JUGUETES PET-ONE,72,60098_1.jpg,,
60099,Patita Masticable´´VT4093´´,"13x5,5cm",1800,JUGUETES PET-ONE,72,60099_1.jpg,,
60100,Cocodrilo Latex´´LT1007M´´,19cm,3400,JUGUETES PET-ONE,72,60100_1.jpg,,
60101,Rugby Latex´´LT4241´´,9cm,2900,JUGUETES PET-ONE,72,60101_1.jpg,,
60102,Pelota Plush ´´M1839´´,13cm,5700,JUGUETES PET-ONE,72,60102_1.jpg,,
60103,Papas Plush´´M3150´´,15x15cm,3000,JUGUETES PET-ONE,72,60103_1.jpg,,
60104,Chupete TPR´´TP1045´´,15x5cm,1600,JUGUETES PET-ONE,72,60104_1.jpg,,
60105,Hueso TPR espumoso´´TP1311´´,15cm,3500,JUGUETES PET-ONE,72,60105_1.jpg,,
60106,Palo TPR Espumoso´´TP1312´´,16cm,2700,JUGUETES PET-ONE,72,60106_1.jpg,,
60107,Pelota TPR Espumosa´´TP1313´´,7cm,3500,JUGUETES PET-ONE,72,60107_1.jpg,,
60108,Bola TPR Espumosa´´TP1314´´,"9,5cm",3700,JUGUETES PET-ONE,72,60108_1.jpg,,
60109,Helado TPR Frio ´´TP2374´´,8x14cm,3700,JUGUETES PET-ONE,72,60109_1.jpg,,
60110,Chupete TPR Frio ´´TP2375´´,8x13cm,3700,JUGUETES PET-ONE,72,60110_1.jpg,,
60111,Pelota TPR Con Soga´´TP2481´´,35x8cm,3800,JUGUETES PET-ONE,72,60111_1.jpg,,
60112,Rueeda TPR Con Soga´´TP2484´´,8x8x8cm,5500,JUGUETES PET-ONE,72,60112_1.jpg,,
60113,Doble Pelota Basquet´´VT3060L´´,20cm,2700,JUGUETES PET-ONE,72,60113_1.jpg,,
60114,"Doble Pelota Futbol ""L""´´VT3061L´´",20cm,2700,JUGUETES PET-ONE,72,60114_1.jpg,,
60115,"Doble Pelota Futbol ""S""´´VT3061XS´´",14cm,1500,JUGUETES PET-ONE,72,60115_1.jpg,,
60116,Rueda ´´VT3278´´,"8,5cm",2300,JUGUETES PET-ONE,72,60116_1.jpg,,
60117,Hamburguesa ´´VT379´´,10cm,2100,JUGUETES PET-ONE,72,60117_1.jpg,,
60118,Fritas ´´VT380´´,16cm,2100,JUGUETES PET-ONE,72,60118_1.jpg,,
60119,Helado Cucurucho´´VT4048´´,13cm,1700,JUGUETES PET-ONE,72,60119_1.jpg,,
60120,Rueda con chifle´´VT5057´´,10cm,1800,JUGUETES PET-ONE,72,60120_1.jpg,,
60121,Pan Baguete ´´VTD281´´,38cm,6300,JUGUETES PET-ONE,72,60121_1.jpg,,
60122,Pancho ´´VTN104´´,14cm,1800,JUGUETES PET-ONE,72,60122_1.jpg,,
60123,Helado de Palito´´VTS088´´,"15,5cm",2000,JUGUETES PET-ONE,72,60123_1.jpg,,
60124,Laser Para Gato´´CL114´´,8cm,1700,JUGUETES PET-ONE,144,60124_1.jpg,,
8704,MD-C0004Y (48-52cm) (CAPITOL),48-52cm,25100,PASEOS PET-ONE,1,8704_1.jpg,,
8718,CORREA MAN MD-Y004 (ANIKA),"60x1,3cm",11400,PASEOS PET-ONE,1,8718_1.jpg,,
8721,CORREA MD-TL015 (ANTON),"170-210x2,5cm",21600,PASEOS PET-ONE,1,8721_1.jpg,,
8741,MD-X008 (70CM-90CM) (MINISTRY),65-85cm,19400,PASEOS PET-ONE,1,8741_1.jpg,,
8742,MD-X009 (80CM-100CM) (MINISTRY),70-90cm,21600,PASEOS PET-ONE,1,8742_1.jpg,,
8751,ARNES ALFA S YL85621-S,40x60cm,9600,PASEOS PET-ONE,1,8751_1.jpg,,
8752,ARNES ALFA YL85621-M,45x70cm,10100,PASEOS PET-ONE,1,8752_1.jpg,,
8753,ARNES ALFA YL85621-L,50x80cm,11400,PASEOS PET-ONE,1,8753_1.jpg,,
8754,ARNES ALFA YL85621-XL,60x90cm,15100,PASEOS PET-ONE,1,8754_1.jpg,,
8756,ARNES BETA YL93576,50-70cm,8300,PASEOS PET-ONE,1,8756_1.jpg,,
8776,COLLAR CIRCLE YL93574,"2,5x45-70cm",3900,PASEOS PET-ONE,1,8776_1.jpg,,
8781,COLLAR DOUBLE CIRCLE YL85619-S,30-45cm,3300,PASEOS PET-ONE,1,8781_1.jpg,,
8782,COLLAR DOUBLE CIRCLE YL85619-M,35-55cm,4100,PASEOS PET-ONE,1,8782_1.jpg,,
8783,COLLAR DOUBLE CIRCLE YL85619-L,40-65cm,5400,PASEOS PET-ONE,1,8783_1.jpg,,
8990,SET COLLAR CON CORREA C3600-S,"1,25x25-40cm",5100,PASEOS PET-ONE,48,8990_1.jpg,,
8991,SET COLLAR CON CORREA C3600-M,"1,28x35-55cm",6300,PASEOS PET-ONE,48,8991_1.jpg,,
8992,SET COLLAR CON CORREA C3600-L,"1,28x45-70cm",8200,PASEOS PET-ONE,48,8992_1.jpg,,
8993,SET COLLAR CON CORREA C3609-S,"1,25x25-40cm",5100,PASEOS PET-ONE,48,8993_1.jpg,,
8994,SET COLLAR CON CORREA C3609-M,"1,28x35-55cm",6300,PASEOS PET-ONE,48,8994_1.jpg,,
8995,SET COLLAR CON CORREA C3609-L,"1,28x45-70cm",8200,PASEOS PET-ONE,48,8995_1.jpg,,
63301,COLLAR GATO CLASICO C2211,30cm,2300,PASEOS PET-ONE,144,63301_1.jpg,,
63302,COLLAR GATO PREMIUM C2213,30cm,2300,PASEOS PET-ONE,144,63302_1.jpg,,
63303,COLLAR GATO FASHION C2222,30cm,2400,PASEOS PET-ONE,144,63303_1.jpg,,
63304,COLLAR ELEGANTE C0905-S,15mmx35cm,5300,PASEOS PET-ONE,144,63304_1.jpg,,
63305,COLLAR ELEGANTE C0905-M,20mmx45cm,6600,PASEOS PET-ONE,144,63305_1.jpg,,
63306,COLLAR ELEGANTE C0905-L,25mmx55cm,8200,PASEOS PET-ONE,144,63306_1.jpg,,
63307,COLLAR ESPECIAL C0896-S,15mmx35cm,5200,PASEOS PET-ONE,144,63307_1.jpg,,
63308,COLLAR ESPECIALC0896-M,20mmx45cm,6500,PASEOS PET-ONE,144,63308_1.jpg,,
63309,COLLAR ESPECIAL C0896-L,25mmx55cm,8200,PASEOS PET-ONE,144,63309_1.jpg,,
63310,ACCESORIO PASEO REFLECTIVO J3015,4cm,1800,PASEOS PET-ONE,432,63310_1.jpg,,
63311,COLLAR LISO C4661-S,"1,5x26-44cm",2600,PASEOS PET-ONE,72,63311_1.jpg,,
63312,COLLAR LISO C4661-M,2x32-50cm,3200,PASEOS PET-ONE,72,63312_1.jpg,,
63313,COLLAR LISO C4661-L,"2,5x32-50cm",3800,PASEOS PET-ONE,72,63313_1.jpg,,
63315,CORREA LISA BLACK C4662-M,2x120cm,5000,PASEOS PET-ONE,72,63315_1.jpg,,
63318,CORREA LISA C4664-M,2x120cm,5000,PASEOS PET-ONE,72,63318_1.jpg,,
63323,CORREA C3012-M,"2,5x120",7300,PASEOS PET-ONE,72,63323_1.jpg,,
63325,COLLAR PU S C4731-S,"1,5x35cm",7000,PASEOS PET-ONE,48,63325_1.jpg,,
63326,COLLAR PU M C4731-M,2x45cm,8500,PASEOS PET-ONE,48,63326_1.jpg,,
63327,COLLAR PU L C4731-L,"2,5x55cm",11500,PASEOS PET-ONE,48,63327_1.jpg,,
63328,COLLAR CON PUAS C4648,3x62cm,10100,PASEOS PET-ONE,72,63328_1.jpg,,
63331,ESTACA PARA PERRO C3009,40cm,5700,PASEOS PET-ONE,48,63331_1.jpg,,
63332,Correa ´´303B-20120´´,2x120cm,2300,PASEOS PET-ONE,72,63332_1.jpg,,
63333,"Collar ""S""´´305B-1535´´","1,5x35cm",1700,PASEOS PET-ONE,72,63333_1.jpg,,
63334,"Collar ""M""´´305B-2045´´",2x45cm,2100,PASEOS PET-ONE,72,63334_1.jpg,,
63335,"Collar ""L""´´305B-2555´´","2,5x55cm",3000,PASEOS PET-ONE,72,63335_1.jpg,,
63336,"Arnes ""S""´´307B-15´´","1,5cm",2400,PASEOS PET-ONE,72,63336_1.jpg,,
63337,"Arnes ""M""´´307B-20´´",2cm,3400,PASEOS PET-ONE,72,63337_1.jpg,,
63338,"Arnes ""L""´´307B-25´´","2,5cm",4500,PASEOS PET-ONE,72,63338_1.jpg,,
63339,"Arnes Plus ""S""´´309B-15´´","1,5cm",2200,PASEOS PET-ONE,72,63339_1.jpg,,
63340,"Arnes Plus ""M""´´309B-20´´",2cm,3100,PASEOS PET-ONE,72,63340_1.jpg,,
63341,"Arnes Plus ""L""´´309B-25´´","2,5cm",4100,PASEOS PET-ONE,72,63341_1.jpg,,
63342,Correa Auto´´212B-20´´,2x30-50cm,2600,PASEOS PET-ONE,72,63342_1.jpg,,
63343,Correa Rayada Reflectiva´´L318-20120´´,2x120cm,1900,PASEOS PET-ONE,72,63343_1.jpg,,
63344,"Collar Huesos ""S""´´314B-15´´","1,5x35cm",1700,PASEOS PET-ONE,72,63344_1.jpg,,
63345,"Collar Huesos ""M""´´314B-20´´",2x44cm,2100,PASEOS PET-ONE,72,63345_1.jpg,,
63346,"Collar Huesos ""L""´´314B-25´´","2,5x55cm",2600,PASEOS PET-ONE,72,63346_1.jpg,,
63347,Correa Estampada´´217B-20120´´,2x120cm,2900,PASEOS PET-ONE,72,63347_1.jpg,,
63348,"Collar Estampado ""S""´´217C-15´´","1,5x35cm",1800,PASEOS PET-ONE,72,63348_1.jpg,,
63349,"Collar Estampado ""M""´´217C-20´´",2x44cm,2500,PASEOS PET-ONE,72,63349_1.jpg,,
63350,"Collar Estampado ""L""´´217C-25´´","2,5x50cm",3100,PASEOS PET-ONE,72,63350_1.jpg,,
63351,"Arnes Estampado ""S""´´217HB-15´´","1,5cm",2500,PASEOS PET-ONE,72,63351_1.jpg,,
63352,"Arnes Estampado ""M""´´217HB-20´´",2cm,3100,PASEOS PET-ONE,72,63352_1.jpg,,
63353,"Arnes Estampado ""L""´´217HB-25´´","2,5cm",3800,PASEOS PET-ONE,72,63353_1.jpg,,
63354,"Collar Reflectivo ""S""´´C388B-15´´","1,5cm",1300,PASEOS PET-ONE,72,63354_1.jpg,,
63355,"Collar Reflectivo ""M""´´C388B-20´´",2cm,1500,PASEOS PET-ONE,72,63355_1.jpg,,
63356,"Collar Reflectivo ""L""´´C388B-25´´","2,5cm",1700,PASEOS PET-ONE,72,63356_1.jpg,,
63357,"Arnes Reflectivo ""S""´´H388B-15´´","1,5cm",2200,PASEOS PET-ONE,72,63357_1.jpg,,
63358,"Arnes Reflectivo ""M""´´H388B-20´´",2cm,2700,PASEOS PET-ONE,72,63358_1.jpg,,
63359,"Arnes Reflectivo ""L""´´H388B-25´´","2,5cm",3500,PASEOS PET-ONE,72,63359_1.jpg,,
63360,Correa Reflectiva´´L388B-20120´´,2x120cm,2600,PASEOS PET-ONE,72,63360_1.jpg,,
63361,Cadena Con Mango de Cuero´´20N-2548´´,"2,5x120cm",3700,PASEOS PET-ONE,72,63361_1.jpg,,
63362,Cadena Con Mango de Tela´´21-2048´´,2x120cm,1600,PASEOS PET-ONE,72,63362_1.jpg,,
63363,"Collar Ahorque Simple ""S""´´38-2040´´",2mmx40cm,1100,PASEOS PET-ONE,72,63363_1.jpg,,
63364,"Collar Ahorque Simple ""M""´´38-2545´´","2,5mmx45cm",1200,PASEOS PET-ONE,72,63364_1.jpg,,
63365,"Collar Ahorque Simple ""L""´´38-3050´´","2,5mmx455cm",1500,PASEOS PET-ONE,72,63365_1.jpg,,
63366,Correa De Cuero´´1101-20120´´,2x120cm,13800,PASEOS PET-ONE,72,63366_1.jpg,,
63367,"Collar De Cuero ""S""´´1106-1538´´","1,5x38cm",5100,PASEOS PET-ONE,72,63367_1.jpg,,
63368,"Collar De Cuero ""M""´´1106-2045´´",2x45cm,7100,PASEOS PET-ONE,72,63368_1.jpg,,
63369,"Collar De Cuero ""L""´´1106-2550´´","2,5x50cm",9100,PASEOS PET-ONE,72,63369_1.jpg,,
63370,"Collar Con Puas ""S""´´157-3840´´","3,8x40cm",7300,PASEOS PET-ONE,72,63370_1.jpg,,
63371,"Collar Con Puas ""M""´´157-3849´´","3,8x49cm",8900,PASEOS PET-ONE,72,63371_1.jpg,,
63372,"Collar Con Puas ""L""´´157-3860´´","3,8x60cm",10600,PASEOS PET-ONE,72,63372_1.jpg,,
63373,"Correa Automatica ""L""´´5109M´´",5mts,7000,PASEOS PET-ONE,72,63373_1.jpg,,
63374,"Correa Automatica ""S""´´5109S´´",3mts,5400,PASEOS PET-ONE,72,63374_1.jpg,,
63375,Bozal Para Perros´´DZ02´´,,3200,PASEOS PET-ONE,72,63375_1.jpg,,
63376,Correa PVC ´´L445-19150´´,"1,9x150cm",8100,PASEOS PET-ONE,72,63376_1.jpg,,
63377,"Collar PVC ""S""´´C445-1920´´","1,9x20-30cm",3500,PASEOS PET-ONE,72,63377_1.jpg,,
63378,"Collar PVC ""M""´´C445-1930´´","1,9x30-40cm",3900,PASEOS PET-ONE,72,63378_1.jpg,,
63379,"Collar PVC ""L""´´C445-2540´´","2,5x40-50cm",4800,PASEOS PET-ONE,72,63379_1.jpg,,
63380,"Arnes PVC ""S""´´H445-1920´´",23-35x35-56cm,9300,PASEOS PET-ONE,72,63380_1.jpg,,
63381,"Arnes PVC ""M""´´H445-1930´´",30-46x46-71cm,10700,PASEOS PET-ONE,72,63381_1.jpg,,
63382,"Arnes PVC ""L""´´H445-2540´´",40-53x61-97cm,12800,PASEOS PET-ONE,72,63382_1.jpg,,
8502,COMEDERO HEAVY MEDIUM 11001M-B/P,16x16x5cm,2200,COMEDEROS IMPORTADOS,12,8502_1.jpg,,
8503,COMEDERO HEAVY LARGE 11001L-B/P,18x18x5cm,3000,COMEDEROS IMPORTADOS,12,8503_1.jpg,,
8516,COMEDERO SIMPLE SMALL 11027S-B/P,18x18x5cm,2200,COMEDEROS IMPORTADOS,12,8516_1.jpg,,
8517,COMEDERO SIMPLE MEDIUM 11027M-B/P,21x21x6cm,3000,COMEDEROS IMPORTADOS,12,8517_1.jpg,,
8518,COMEDERO SIMPLE LARGE 11027L-B/P,24x24x6cm,3600,COMEDEROS IMPORTADOS,12,8518_1.jpg,,
8945,Botella Portatil´´TDB6724M´´,25x7x6cm,2600,COMEDEROS IMPORTADOS,72,8945_1.jpg,,
8946,BOTELLA PREM PASEO F0235-S,20x8cm,16800,COMEDEROS IMPORTADOS,50,8946_1.jpg,,
8950,COMEDERO PLEGABLE F0294-M,15x15cm,7300,COMEDEROS IMPORTADOS,48,8950_1.jpg,,
8954,ComeLento ´´BP6410´´,20x20x6cm,3000,COMEDEROS IMPORTADOS,48,8954_1.jpg,,
63000,KE- 3202,8 Oz,1700,COMEDEROS IMPORTADOS,192,63000_1.jpg,,
63001,KE- 3203,16 Oz,2400,COMEDEROS IMPORTADOS,96,63001_1.jpg,,
63002,KE- 3205,32 Oz,3900,COMEDEROS IMPORTADOS,54,63002_1.jpg,,
63003,KE- 3206,64 Oz,5000,COMEDEROS IMPORTADOS,48,63003_1.jpg,,
63004,KE 3203H,16 Oz,2700,COMEDEROS IMPORTADOS,9,63004_1.jpg,,
63005,KE 3204H,24 Oz,3300,COMEDEROS IMPORTADOS,64,63005_1.jpg,,
63006,KE 3205H,32 Oz,4200,COMEDEROS IMPORTADOS,54,63006_1.jpg,,
63007,KE 3206H,64 OZ,5300,COMEDEROS IMPORTADOS,48,63007_1.jpg,,
63008,KE- 3202MD,8 Oz,2400,COMEDEROS IMPORTADOS,192,63008_1.jpg,,
63009,KE- 3203MD,16 Oz,3100,COMEDEROS IMPORTADOS,96,63009_1.jpg,,
63010,KE- 3205MD,32 Oz,4900,COMEDEROS IMPORTADOS,54,63010_1.jpg,,
63011,KE- 3206MD,64 Oz,6100,COMEDEROS IMPORTADOS,48,63011_1.jpg,,
63012,KE- 3202P,8 Oz,2400,COMEDEROS IMPORTADOS,192,63012_1.jpg,,
63013,KE- 3203P,16 Oz,3200,COMEDEROS IMPORTADOS,96,63013_1.jpg,,
63014,KE- 3205P,32 Oz,5000,COMEDEROS IMPORTADOS,54,63014_1.jpg,,
63015,KE- 3206P,64 Oz,6200,COMEDEROS IMPORTADOS,48,63015_1.jpg,,
63016,KE- 3202PI,8 Oz,2600,COMEDEROS IMPORTADOS,192,63016_1.jpg,,
63017,KE- 3203PI,16 Oz,3500,COMEDEROS IMPORTADOS,96,63017_1.jpg,,
63018,KE- 3205PI,32 Oz,5100,COMEDEROS IMPORTADOS,54,63018_1.jpg,,
63019,KE- 3206PI,64 Oz,6400,COMEDEROS IMPORTADOS,48,63019_1.jpg,,
63020,KE- 3202PS,8 Oz,2600,COMEDEROS IMPORTADOS,192,63020_1.jpg,,
63021,KE- 3203PS,16 Oz,3400,COMEDEROS IMPORTADOS,96,63021_1.jpg,,
63022,KE- 3205PS,32 Oz,5100,COMEDEROS IMPORTADOS,54,63022_1.jpg,,
63023,KE- 3206PS,64 Oz,6300,COMEDEROS IMPORTADOS,48,63023_1.jpg,,
63024,KE- 3202DS,8 Oz,2900,COMEDEROS IMPORTADOS,192,63024_1.jpg,,
63025,KE- 3203DS,16 Oz,3600,COMEDEROS IMPORTADOS,96,63025_1.jpg,,
63026,KE- 3205DS,32 Oz,5700,COMEDEROS IMPORTADOS,54,63026_1.jpg,,
63027,KE- 3206DS,64 Oz,7000,COMEDEROS IMPORTADOS,48,63027_1.jpg,,
63028,KE- 3202PD,8 Oz,2600,COMEDEROS IMPORTADOS,192,63028_1.jpg,,
63029,KE- 3203PD,16 Oz,3400,COMEDEROS IMPORTADOS,96,63029_1.jpg,,
63030,KE- 3205PD,32 Oz,5200,COMEDEROS IMPORTADOS,54,63030_1.jpg,,
63031,KE- 3206PD,64 Oz,6500,COMEDEROS IMPORTADOS,48,63031_1.jpg,,
63032,KE- 3273D,1 Qt,7000,COMEDEROS IMPORTADOS,48,63032_1.jpg,,
63033,KE- 3274D,2 Qt,9500,COMEDEROS IMPORTADOS,24,63033_1.jpg,,
63034,KE- 3275D,3 Qt,13100,COMEDEROS IMPORTADOS,24,63034_1.jpg,,
63035,KE 1300PSR,13cm,3900,COMEDEROS IMPORTADOS,108,63035_1.jpg,,
63036,KE 1600PSR,16cm,5200,COMEDEROS IMPORTADOS,72,63036_1.jpg,,
63037,KE 2000PSR,20cm,7500,COMEDEROS IMPORTADOS,36,63037_1.jpg,,
63038,KE 2300PSR,23cm,9400,COMEDEROS IMPORTADOS,24,63038_1.jpg,,
63039,KE 1300MD,13cm,2800,COMEDEROS IMPORTADOS,108,63039_1.jpg,,
63040,KE 1600MD,16cm,3900,COMEDEROS IMPORTADOS,72,63040_1.jpg,,
63041,KE 2000MD,20cm,5700,COMEDEROS IMPORTADOS,36,63041_1.jpg,,
63042,KE 2300MD,23cm,7000,COMEDEROS IMPORTADOS,24,63042_1.jpg,,
63043,KE 1300PD,13cm,3300,COMEDEROS IMPORTADOS,108,63043_1.jpg,,
63044,KE 1600PD,16cm,4400,COMEDEROS IMPORTADOS,72,63044_1.jpg,,
63045,KE 2000PD,20cm,6100,COMEDEROS IMPORTADOS,36,63045_1.jpg,,
63046,KE 2300PD,23cm,7400,COMEDEROS IMPORTADOS,24,63046_1.jpg,,
63047,KE 1300,13cm,2500,COMEDEROS IMPORTADOS,108,63047_1.jpg,,
63048,KE 1600,16cm,3400,COMEDEROS IMPORTADOS,72,63048_1.jpg,,
63049,KE 2000,20cm,5000,COMEDEROS IMPORTADOS,36,63049_1.jpg,,
63050,KE 2300,23cm,6200,COMEDEROS IMPORTADOS,24,63050_1.jpg,,
63051,KE 4802,16 Oz,3200,COMEDEROS IMPORTADOS,96,63051_1.jpg,,
63052,KE 4803,24 Oz,4100,COMEDEROS IMPORTADOS,64,63052_1.jpg,,
63053,KE 4804,32 Oz,5200,COMEDEROS IMPORTADOS,54,63053_1.jpg,,
63054,KE 4805,64 Oz,6700,COMEDEROS IMPORTADOS,48,63054_1.jpg,,
63055,KE 4806,96 Oz,8200,COMEDEROS IMPORTADOS,36,63055_1.jpg,,
63056,KE 3202S,8 Oz,2600,COMEDEROS IMPORTADOS,192,63056_1.jpg,,
63057,KE 3203S,16 Oz,3600,COMEDEROS IMPORTADOS,96,63057_1.jpg,,
63058,KE 3205S,32 Oz,5800,COMEDEROS IMPORTADOS,54,63058_1.jpg,,
63059,KE 3206S,64 Oz,7300,COMEDEROS IMPORTADOS,48,63059_1.jpg,,
63060,KE 1300R,13cm,4700,COMEDEROS IMPORTADOS,108,63060_1.jpg,,
63061,KE 1600R,16cm,6000,COMEDEROS IMPORTADOS,72,63061_1.jpg,,
63062,KE 2000R,20cm,9100,COMEDEROS IMPORTADOS,36,63062_1.jpg,,
63063,KE 2300R,23cm,11200,COMEDEROS IMPORTADOS,24,63063_1.jpg,,
63064,KE 3208A,16 Oz,6400,COMEDEROS IMPORTADOS,48,63064_1.jpg,,
63065,KE 3208B,32 Oz,7400,COMEDEROS IMPORTADOS,48,63065_1.jpg,,
63066,KE 3203FP,16 Oz,4400,COMEDEROS IMPORTADOS,96,63066_1.jpg,,
63067,KE 3204FP,24 Oz,5300,COMEDEROS IMPORTADOS,64,63067_1.jpg,,
63068,KE 3205FP,32 Oz,6700,COMEDEROS IMPORTADOS,54,63068_1.jpg,,
63069,KE 3206FP,64 Oz,8400,COMEDEROS IMPORTADOS,48,63069_1.jpg,,
63070,KE 4602DC,8 Oz,3400,COMEDEROS IMPORTADOS,192,63070_1.jpg,,
63071,KE 4603DC,16 Oz,4300,COMEDEROS IMPORTADOS,96,63071_1.jpg,,
63072,KE 4605DC,32 Oz,7100,COMEDEROS IMPORTADOS,54,63072_1.jpg,,
63073,KE 4606DC,64 Oz,8700,COMEDEROS IMPORTADOS,48,63073_1.jpg,,
63201,BEBEDERO ANTIDERRAME F0515,20x20x12cm,18100,COMEDEROS IMPORTADOS,,63201_1.jpg,,
63202,PLATO ALFOMBRA F0606-MR,20x20cm,6000,COMEDEROS IMPORTADOS,72,63202_1.jpg,,
63203,PALA COMEDERO PLEGABLE F0295,9x5x20cm,9300,COMEDEROS IMPORTADOS,,63203_1.jpg,,
63204,Botella 2 en 1´´67399A´´,20x8cm,9700,COMEDEROS IMPORTADOS,48,63204_1.jpg,,
63205,"Comedero Plastico ""L""´´BP141L´´",21x21x6cm,2000,COMEDEROS IMPORTADOS,48,63205_1.jpg,,
63206,"Comedero Plastico ""M""´´BP141M´´","18x17x5,5cm",1200,COMEDEROS IMPORTADOS,144,63206_1.jpg,,
63207,"Comedero Plastico ""S""´´BP141S´´","13,5x13,5x5cm",800,COMEDEROS IMPORTADOS,144,63207_1.jpg,,
63208,"Comedero Plastico Doble ""L""´´BP62030L´´","36,5x22,5x8cm",4500,COMEDEROS IMPORTADOS,72,63208_1.jpg,,
63209,"Comedero Plastico Doble ""M""´´BP62030M´´",33x20x7cm,3400,COMEDEROS IMPORTADOS,72,63209_1.jpg,,
63210,"Comedero Plastico Doble ""S""´´BP62030S´´","28,5x17,5x4cm",2400,COMEDEROS IMPORTADOS,72,63210_1.jpg,,
63211,Comedero Plastico Antideslizante´´BP62031´´,21x21x6cm,2300,COMEDEROS IMPORTADOS,72,63211_1.jpg,,
8615,PALA METALICA,30x10cm,6600,HIGIENE PET-ONE,12,8615_1.jpg,,
8835,PEINE ML336,20x3cm,4400,HIGIENE PET-ONE,12,8835_1.jpg,,
8836,PEINE ML336-2,20x3cm,4400,HIGIENE PET-ONE,12,8836_1.jpg,,
8838,PEINE ML9645P,20x3cm,4400,HIGIENE PET-ONE,12,8838_1.jpg,,
8840,PEINE ML9629P,20x3cm,4400,HIGIENE PET-ONE,12,8840_1.jpg,,
8842,PEINE ML9620P,20x3cm,4400,HIGIENE PET-ONE,12,8842_1.jpg,,
8848,PEINE G336,20x3cm,4400,HIGIENE PET-ONE,12,8848_1.jpg,,
8940,Guante Sacapelo´´T3526L´´,20x10cm,3100,HIGIENE PET-ONE,6,8940_1.jpg,,
8941,"Corta Uñas Profesional ""L""´´NC3345S´´",12x6cm,2300,HIGIENE PET-ONE,60,8941_1.jpg,,
8942,Recoge Facil´´PS6659´´,30x45cm,10700,HIGIENE PET-ONE,24,8942_1.jpg,,
8951,"Limpia Patas ""S""´´DFW01S´´","8,5x11cm",4300,HIGIENE PET-ONE,50,8951_1.jpg,,
8953,"Limpia Patas ""L""´´DFW01L´´","9,5x15cm",6000,HIGIENE PET-ONE,50,8953_1.jpg,,
8968,Cepillo Sacapelo Con Base Autolimpiante´´PHR-21L´´,25x6cm,5900,HIGIENE PET-ONE,50,8968_1.jpg,,
8969,Cepillo a vapor´´B1678´´,12x6cm,3800,HIGIENE PET-ONE,50,8969_1.jpg,,
8970,Cardina con expulsor´´B674B´´,20x9cm,3700,HIGIENE PET-ONE,60,8970_1.jpg,,
63601,Rodillo Sacapelo´´PHR-03C´´,19cm,2900,HIGIENE PET-ONE,120,63601_1.jpg,,
63602,Cepillo a vapor con mango´´B1679´´,12x6cm,2900,HIGIENE PET-ONE,42,63602_1.jpg,,
63603,"Cardina ""S""´´B11502´´",12x9cm,1700,HIGIENE PET-ONE,72,63603_1.jpg,,
63604,"Cardina ""L""´´B11504´´",13x12cm,3200,HIGIENE PET-ONE,72,63604_1.jpg,,
63605,Cepillo Doble ´´B27427´´,18x5cm,3400,HIGIENE PET-ONE,72,63605_1.jpg,,
63606,Cepillo ´´B27428´´,22x6cm,2700,HIGIENE PET-ONE,72,63606_1.jpg,,
63607,Cepillo Shampoo Masajeador ´´B671´´,8x8cm,2200,HIGIENE PET-ONE,72,63607_1.jpg,,
63608,Cepillo de dedo´´B751´´,,1200,HIGIENE PET-ONE,72,63608_1.jpg,,
63609,Set Limpia Dientes´´B754´´,,2500,HIGIENE PET-ONE,72,63609_1.jpg,,
63610,CEPILLO DOBLE PARA PERRO E0029,18x5cm,4600,HIGIENE PET-ONE,72,63610_1.jpg,,
63611,CARDINA VM-E0034,"15x11,5cm",4400,HIGIENE PET-ONE,72,63611_1.jpg,,
63612,"Corta Uñas Profesional ""S""´´NC3345M´´",12x4cm,3000,HIGIENE PET-ONE,72,63612_1.jpg,,
63613,TIJERA L VM-E0025,10x6cm,4100,HIGIENE PET-ONE,72,63613_1.jpg,,
63614,TIJERA S E0026,14x7cm,2800,HIGIENE PET-ONE,72,63614_1.jpg,,
63615,Set Corta Uñas´´GS301L´´,,4000,HIGIENE PET-ONE,72,63615_1.jpg,,
63616,ALFOMBRA HUELLA IN-F0055,43x57cm,10300,HIGIENE PET-ONE,30,63616_1.jpg,,
63617,Alfombra Comedero´´PLP2317´´,20x20cm,5100,HIGIENE PET-ONE,72,63617_1.jpg,,
63619,Manopla Sacapelo´´T3302´´,9x13cm,2800,HIGIENE PET-ONE,72,63619_1.jpg,,
63640,Cepillo Antinudos´´B601´´,23x6cm,4100,HIGIENE PET-ONE,72,63640_1.jpg,,
63641,Porta Bolsas´´66131´´,,2300,HIGIENE PET-ONE,72,63641_1.jpg,,
63642,Bolsas Sanitarias ´´6610-20E´´,,1400,HIGIENE PET-ONE,72,63642_1.jpg,,
63643,Kit Paseo Higienico´´6613B´´,,1900,HIGIENE PET-ONE,72,63643_1.jpg,,
63644,Repuesto Rodillo Sacapelo´´PHR-00´´,4cm,1200,HIGIENE PET-ONE,240,63644_1.jpg,,
63645,Pala Dosificadora ´´FS6006´´,,1500,HIGIENE PET-ONE,72,63645_1.jpg,,
